date,unemployment_rate,fed_funds_rate,inflation,sp500_close
2000-01-31,4.0,5.45,169.3,1455.219970703125
2000-02-29,4.1,5.73,170.0,1409.280029296875
2000-03-31,4.0,5.85,171.0,1379.18994140625
2000-04-30,3.8,6.02,170.9,1505.969970703125
2000-05-31,4.0,6.27,171.2,1468.25
2000-06-30,4.0,6.53,172.2,1448.81005859375
2000-07-31,4.0,6.54,172.7,1469.5400390625
2000-08-31,4.1,6.5,172.7,1438.0999755859375
2000-09-30,3.9,6.52,173.6,1520.77001953125
2000-10-31,3.9,6.51,173.9,1436.22998046875
2000-11-30,3.9,6.51,174.2,1421.219970703125
2000-12-31,3.9,6.4,174.6,1315.22998046875
2001-01-31,4.2,5.98,175.6,1283.27001953125
2001-02-28,4.2,5.49,176.0,1373.469970703125
2001-03-31,4.3,5.31,176.1,1241.22998046875
2001-04-30,4.4,4.8,176.4,1145.8699951171875
2001-05-31,4.3,4.21,177.3,1266.43994140625
2001-06-30,4.5,3.97,177.7,1260.6700439453125
2001-07-31,4.6,3.77,177.4,1236.719970703125
2001-08-31,4.9,3.65,177.4,1215.9300537109375
2001-09-30,5.0,3.07,178.1,1132.93994140625
2001-10-31,5.3,2.49,177.6,1038.550048828125
2001-11-30,5.5,2.09,177.5,1084.0999755859375
2001-12-31,5.7,1.82,177.4,1129.9000244140625
2002-01-31,5.7,1.73,177.7,1154.6700439453125
2002-02-28,5.7,1.74,178.0,1122.199951171875
2002-03-31,5.7,1.73,178.5,1131.780029296875
2002-04-30,5.9,1.75,179.3,1146.5400390625
2002-05-31,5.8,1.75,179.5,1086.4599609375
2002-06-30,5.8,1.75,179.6,1040.6800537109375
2002-07-31,5.8,1.73,180.0,968.6500244140624
2002-08-31,5.7,1.74,180.5,884.6599731445312
2002-09-30,5.7,1.75,180.8,878.02001953125
2002-10-31,5.7,1.75,181.2,847.9099731445312
2002-11-30,5.9,1.34,181.5,900.9600219726562
2002-12-31,6.0,1.24,181.8,934.530029296875
2003-01-31,5.8,1.24,182.6,909.030029296875
2003-02-28,5.9,1.26,183.6,860.3200073242188
2003-03-31,5.9,1.25,183.9,834.8099975585938
2003-04-30,6.0,1.26,183.2,858.47998046875
2003-05-31,6.1,1.26,182.9,916.2999877929688
2003-06-30,6.3,1.22,183.1,967.0
2003-07-31,6.2,1.01,183.7,982.3200073242188
2003-08-31,6.1,1.03,184.5,980.1500244140624
2003-09-30,6.1,1.01,185.1,1021.989990234375
2003-10-31,6.0,1.01,184.9,1018.219970703125
2003-11-30,5.8,1.0,185.0,1059.02001953125
2003-12-31,5.7,0.98,185.5,1070.1199951171875
2004-01-31,5.7,1.0,186.3,1108.47998046875
2004-02-29,5.6,1.01,186.7,1135.260009765625
2004-03-31,5.8,1.0,187.1,1155.969970703125
2004-04-30,5.6,1.0,187.4,1132.1700439453125
2004-05-31,5.6,1.0,188.2,1117.489990234375
2004-06-30,5.6,1.03,188.9,1121.199951171875
2004-07-31,5.5,1.26,189.1,1128.93994140625
2004-08-31,5.4,1.43,189.2,1106.6199951171875
2004-09-30,5.4,1.61,189.8,1105.9100341796875
2004-10-31,5.5,1.76,190.8,1131.5
2004-11-30,5.4,1.93,191.7,1130.510009765625
2004-12-31,5.4,2.16,191.7,1191.3699951171875
2005-01-31,5.3,2.28,191.6,1202.0799560546875
2005-02-28,5.4,2.5,192.4,1189.4100341796875
2005-03-31,5.2,2.63,193.1,1210.4100341796875
2005-04-30,5.2,2.79,193.7,1172.9200439453125
2005-05-31,5.1,3.0,193.6,1162.1600341796875
2005-06-30,5.0,3.04,193.7,1202.219970703125
2005-07-31,5.0,3.26,194.9,1194.43994140625
2005-08-31,4.9,3.5,196.1,1235.3499755859375
2005-09-30,5.0,3.62,198.8,1221.5899658203125
2005-10-31,5.0,3.78,199.1,1226.699951171875
2005-11-30,5.0,4.0,198.1,1202.760009765625
2005-12-31,4.9,4.16,198.1,1264.6700439453125
2006-01-31,4.7,4.29,199.3,1268.800048828125
2006-02-28,4.8,4.49,199.4,1282.4599609375
2006-03-31,4.7,4.59,199.7,1291.239990234375
2006-04-30,4.7,4.79,200.7,1297.81005859375
2006-05-31,4.6,4.94,201.3,1305.18994140625
2006-06-30,4.6,4.99,201.8,1285.7099609375
2006-07-31,4.7,5.24,202.9,1280.18994140625
2006-08-31,4.7,5.25,203.8,1270.9200439453125
2006-09-30,4.5,5.25,202.8,1311.010009765625
2006-10-31,4.4,5.25,201.9,1331.3199462890625
2006-11-30,4.5,5.25,202.0,1367.81005859375
2006-12-31,4.4,5.24,203.1,1396.7099609375
2007-01-31,4.6,5.25,203.437,1416.5999755859375
2007-02-28,4.5,5.26,204.226,1445.93994140625
2007-03-31,4.4,5.26,205.288,1403.1700439453125
2007-04-30,4.5,5.25,205.904,1424.550048828125
2007-05-31,4.4,5.25,206.755,1486.300048828125
2007-06-30,4.6,5.25,207.234,1536.3399658203125
2007-07-31,4.7,5.26,207.603,1519.4300537109375
2007-08-31,4.6,5.02,207.667,1465.81005859375
2007-09-30,4.7,4.94,208.547,1489.4200439453125
2007-10-31,4.7,4.76,209.19,1547.0400390625
2007-11-30,4.7,4.49,210.834,1508.43994140625
2007-12-31,5.0,4.24,211.445,1472.4200439453125
2008-01-31,5.0,3.94,212.174,1447.1600341796875
2008-02-29,4.9,2.98,212.687,1395.4200439453125
2008-03-31,5.1,2.61,213.448,1331.3399658203125
2008-04-30,5.0,2.28,213.942,1370.1800537109375
2008-05-31,5.4,1.98,215.208,1409.3399658203125
2008-06-30,5.6,2.0,217.463,1385.6700439453125
2008-07-31,5.8,2.01,219.016,1284.9100341796875
2008-08-31,6.1,2.0,218.69,1260.31005859375
2008-09-30,6.1,1.81,218.877,1277.5799560546875
2008-10-31,6.5,0.97,216.995,1161.06005859375
2008-11-30,6.8,0.39,213.153,966.2999877929688
2008-12-31,7.3,0.16,211.398,816.2100219726562
2009-01-31,7.8,0.15,211.933,931.7999877929688
2009-02-28,8.3,0.22,212.705,825.4400024414062
2009-03-31,8.7,0.18,212.495,700.8200073242188
2009-04-30,9.0,0.15,212.709,811.0800170898438
2009-05-31,9.4,0.18,213.022,877.52001953125
2009-06-30,9.5,0.21,214.79,942.8699951171876
2009-07-31,9.5,0.16,214.726,923.3300170898438
2009-08-31,9.6,0.16,215.445,1002.6300048828124
2009-09-30,9.8,0.15,215.861,998.0399780273438
2009-10-31,10.0,0.12,216.509,1029.8499755859375
2009-11-30,9.9,0.12,217.234,1042.8800048828125
2009-12-31,9.9,0.12,217.347,1108.8599853515625
2010-01-31,9.8,0.11,217.488,1132.989990234375
2010-02-28,9.8,0.13,217.281,1089.18994140625
2010-03-31,9.9,0.16,217.353,1115.7099609375
2010-04-30,9.9,0.2,217.403,1178.0999755859375
2010-05-31,9.6,0.2,217.29,1202.260009765625
2010-06-30,9.4,0.18,217.199,1070.7099609375
2010-07-31,9.4,0.18,217.605,1027.3699951171875
2010-08-31,9.5,0.19,217.923,1125.8599853515625
2010-09-30,9.5,0.19,218.275,1080.2900390625
2010-10-31,9.4,0.19,219.035,1146.239990234375
2010-11-30,9.8,0.19,219.59,1184.3800048828125
2010-12-31,9.3,0.18,220.472,1206.0699462890625
2011-01-31,9.1,0.17,221.187,1271.8699951171875
2011-02-28,9.0,0.16,221.898,1307.5899658203125
2011-03-31,9.0,0.14,223.046,1306.3299560546875
2011-04-30,9.1,0.1,224.093,1332.4100341796875
2011-05-31,9.0,0.09,224.806,1361.219970703125
2011-06-30,9.1,0.09,224.806,1314.550048828125
2011-07-31,9.0,0.07,225.395,1339.6700439453125
2011-08-31,9.0,0.1,226.106,1286.93994140625
2011-09-30,9.0,0.08,226.597,1204.4200439453125
2011-10-31,8.8,0.07,226.75,1099.22998046875
2011-11-30,8.6,0.08,227.169,1218.280029296875
2011-12-31,8.5,0.07,227.223,1244.5799560546875
2012-01-31,8.3,0.08,227.842,1277.06005859375
2012-02-29,8.3,0.1,228.329,1324.0899658203125
2012-03-31,8.2,0.13,228.807,1374.0899658203125
2012-04-30,8.2,0.14,229.187,1419.0400390625
2012-05-31,8.2,0.16,228.713,1405.8199462890625
2012-06-30,8.2,0.16,228.524,1278.0400390625
2012-07-31,8.2,0.16,228.59,1365.510009765625
2012-08-31,8.1,0.13,229.918,1375.3199462890625
2012-09-30,7.8,0.14,231.015,1404.93994140625
2012-10-31,7.8,0.16,231.638,1444.489990234375
2012-11-30,7.7,0.16,231.249,1427.5899658203125
2012-12-31,7.9,0.16,231.221,1409.4599609375
2013-01-31,8.0,0.14,231.679,1462.4200439453125
2013-02-28,7.7,0.15,232.937,1513.1700439453125
2013-03-31,7.5,0.14,232.282,1518.199951171875
2013-04-30,7.6,0.15,231.797,1562.1700439453125
2013-05-31,7.5,0.11,231.893,1582.699951171875
2013-06-30,7.5,0.09,232.445,1640.4200439453125
2013-07-31,7.3,0.09,232.9,1614.9599609375
2013-08-31,7.2,0.08,233.456,1706.8699951171875
2013-09-30,7.2,0.08,233.544,1639.77001953125
2013-10-31,7.2,0.09,233.669,1695.0
2013-11-30,6.9,0.08,234.1,1761.6400146484375
2013-12-31,6.7,0.09,234.719,1800.9000244140625
2014-01-31,6.6,0.07,235.288,1831.97998046875
2014-02-28,6.7,0.07,235.547,1741.8900146484375
2014-03-31,6.7,0.08,236.028,1845.72998046875
2014-04-30,6.2,0.09,236.468,1885.52001953125
2014-05-31,6.3,0.09,236.918,1883.6800537109375
2014-06-30,6.1,0.1,237.231,1924.969970703125
2014-07-31,6.2,0.09,237.498,1973.3199462890625
2014-08-31,6.1,0.09,237.46,1925.1500244140625
2014-09-30,5.9,0.09,237.477,2002.280029296875
2014-10-31,5.7,0.09,237.43,1946.1600341796875
2014-11-30,5.8,0.09,236.983,2017.81005859375
2014-12-31,5.6,0.12,236.252,2053.43994140625
2015-01-31,5.7,0.11,234.747,2058.199951171875
2015-02-28,5.5,0.11,235.342,2020.8499755859375
2015-03-31,5.4,0.11,235.976,2117.389892578125
2015-04-30,5.4,0.12,236.222,2059.68994140625
2015-05-31,5.6,0.12,237.001,2108.2900390625
2015-06-30,5.3,0.13,237.657,2111.72998046875
2015-07-31,5.2,0.13,238.034,2077.419921875
2015-08-31,5.1,0.14,238.033,2098.0400390625
2015-09-30,5.0,0.14,237.498,1913.8499755859375
2015-10-31,5.0,0.12,237.733,1923.8199462890625
2015-11-30,5.1,0.12,238.017,2104.050048828125
2015-12-31,5.0,0.24,237.761,2102.6298828125
2016-01-31,4.8,0.34,237.652,2012.6600341796875
2016-02-29,4.9,0.38,237.336,1939.3800048828125
2016-03-31,5.0,0.36,238.08,1978.3499755859375
2016-04-30,5.1,0.37,238.992,2072.780029296875
2016-05-31,4.8,0.37,239.557,2081.429931640625
2016-06-30,4.9,0.38,240.222,2099.330078125
2016-07-31,4.8,0.39,240.101,2102.949951171875
2016-08-31,4.9,0.4,240.545,2170.840087890625
2016-09-30,5.0,0.4,241.176,2170.860107421875
2016-10-31,4.9,0.4,241.741,2161.199951171875
2016-11-30,4.7,0.41,242.026,2111.719970703125
2016-12-31,4.7,0.54,242.637,2191.080078125
2017-01-31,4.7,0.65,243.618,2257.830078125
2017-02-28,4.6,0.66,244.006,2279.550048828125
2017-03-31,4.4,0.79,243.892,2395.9599609375
2017-04-30,4.4,0.9,244.193,2358.840087890625
2017-05-31,4.4,0.91,244.004,2388.330078125
2017-06-30,4.3,1.04,244.163,2430.06005859375
2017-07-31,4.3,1.15,244.243,2429.010009765625
2017-08-31,4.4,1.16,245.183,2476.35009765625
2017-09-30,4.3,1.15,246.435,2476.550048828125
2017-10-31,4.2,1.15,246.626,2529.1201171875
2017-11-30,4.2,1.16,247.284,2579.360107421875
2017-12-31,4.1,1.3,247.805,2642.219970703125
2018-01-31,4.0,1.41,248.859,2695.81005859375
2018-02-28,4.1,1.42,249.529,2821.97998046875
2018-03-31,4.0,1.51,249.577,2677.669921875
2018-04-30,4.0,1.69,250.227,2581.8798828125
2018-05-31,3.8,1.7,250.792,2654.800048828125
2018-06-30,4.0,1.82,251.018,2734.6201171875
2018-07-31,3.8,1.91,251.214,2726.7099609375
2018-08-31,3.8,1.91,251.663,2813.360107421875
2018-09-30,3.7,1.95,252.182,2896.719970703125
2018-10-31,3.8,2.19,252.772,2924.590087890625
2018-11-30,3.8,2.2,252.594,2740.3701171875
2018-12-31,3.9,2.27,252.767,2790.3701171875
2019-01-31,4.0,2.4,252.561,2510.030029296875
2019-02-28,3.8,2.4,253.319,2706.530029296875
2019-03-31,3.8,2.41,254.277,2803.68994140625
2019-04-30,3.7,2.42,255.233,2867.18994140625
2019-05-31,3.6,2.39,255.296,2923.72998046875
2019-06-30,3.6,2.38,255.213,2744.449951171875
2019-07-31,3.7,2.4,255.802,2964.330078125
2019-08-31,3.6,2.13,256.036,2953.56005859375
2019-09-30,3.5,2.04,256.43,2906.27001953125
2019-10-31,3.6,1.83,257.155,2940.25
2019-11-30,3.6,1.55,257.879,3066.909912109375
2019-12-31,3.6,1.55,258.63,3113.8701171875
2020-01-31,3.6,1.55,259.127,3257.85009765625
2020-02-29,3.5,1.58,259.25,3248.919921875
2020-03-31,4.4,0.65,258.076,3090.22998046875
2020-04-30,14.8,0.05,256.032,2470.5
2020-05-31,13.2,0.05,255.802,2830.7099609375
2020-06-30,11.0,0.08,257.042,3055.72998046875
2020-07-31,10.2,0.09,258.352,3115.860107421875
2020-08-31,8.4,0.1,259.316,3294.610107421875
2020-09-30,7.8,0.09,259.997,3526.64990234375
2020-10-31,6.9,0.09,260.319,3380.800048828125
2020-11-30,6.7,0.09,260.911,3310.239990234375
2020-12-31,6.7,0.09,262.045,3662.449951171875
2021-01-31,6.4,0.09,262.687,3700.64990234375
2021-02-28,6.2,0.08,263.579,3773.860107421875
2021-03-31,6.1,0.07,264.961,3901.820068359375
2021-04-30,6.1,0.07,266.614,4019.8701171875
2021-05-31,5.8,0.06,268.383,4192.66015625
2021-06-30,5.9,0.08,270.654,4202.0400390625
2021-07-31,5.4,0.1,271.903,4319.93994140625
2021-08-31,5.1,0.09,272.676,4387.16015625
2021-09-30,4.7,0.08,273.91,4524.08984375
2021-10-31,4.5,0.08,276.55,4357.0400390625
2021-11-30,4.1,0.08,278.919,4613.669921875
2021-12-31,3.9,0.08,280.845,4513.0400390625
2022-01-31,4.0,0.08,282.543,4796.56005859375
2022-02-28,3.9,0.08,284.5,4546.5400390625
2022-03-31,3.7,0.2,287.674,4306.259765625
2022-04-30,3.7,0.33,288.561,4545.85986328125
2022-05-31,3.6,0.77,291.298,4155.3798828125
2022-06-30,3.6,1.21,294.957,4101.22998046875
2022-07-31,3.5,1.68,294.913,3825.330078125
2022-08-31,3.6,2.33,295.097,4118.6298828125
2022-09-30,3.5,2.56,296.349,3966.85009765625
2022-10-31,3.6,3.08,298.007,3678.429931640625
2022-11-30,3.6,3.78,298.786,3856.10009765625
2022-12-31,3.5,4.1,298.832,4076.570068359375
2023-01-31,3.5,4.33,300.42,3824.139892578125
2023-02-28,3.6,4.57,301.45,4119.2099609375
2023-03-31,3.5,4.65,301.821,3951.389892578125
2023-04-30,3.4,4.83,302.845,4124.509765625
2023-05-31,3.6,5.06,303.334,4167.8701171875
2023-06-30,3.6,5.08,304.014,4221.02001953125
2023-07-31,3.5,5.12,304.609,4455.58984375
2023-08-31,3.7,5.33,306.082,4576.72998046875
2023-09-30,3.7,5.33,307.276,4515.77001953125
2023-10-31,3.9,5.33,307.696,4288.39013671875
2023-11-30,3.7,5.33,308.148,4237.85986328125
2023-12-31,3.8,5.33,308.741,4594.6298828125
2024-01-31,3.7,5.33,309.698,4742.830078125
2024-02-29,3.9,5.33,310.967,4906.18994140625
2024-03-31,3.9,5.33,312.345,5137.080078125
2024-04-30,3.9,5.33,313.023,5243.77001953125
2024-05-31,3.9,5.33,313.175,5018.39013671875
2024-06-30,4.1,5.33,313.044,5283.39990234375
2024-07-31,4.2,5.33,313.569,5475.08984375
2024-08-31,4.2,5.33,314.062,5446.68017578125
2024-09-30,4.1,5.13,314.732,5528.93017578125
2024-10-31,4.1,4.83,315.631,5708.75
2024-11-30,4.2,4.64,316.528,5728.7998046875
2024-12-31,4.1,4.48,317.604,6047.14990234375
2025-01-31,4.0,4.33,318.961,5868.5498046875
2025-02-28,4.2,4.33,319.679,5994.56982421875
2025-03-31,4.2,4.33,319.785,5849.72021484375
2025-04-30,4.2,4.33,320.302,5633.06982421875
2025-05-31,4.3,4.33,320.62,5604.14013671875
2025-06-30,4.1,4.33,321.435,5935.93994140625
2025-07-31,4.3,4.33,322.169,6198.009765625
2025-08-31,4.3,4.33,323.291,6238.009765625
2025-09-30,4.4,4.22,324.245,6415.5400390625
2025-11-30,4.5,3.88,325.063,6851.97021484375
2025-12-31,4.4,3.72,326.031,6812.6298828125
2026-01-31,4.3,3.64,326.588,6858.47021484375
2026-02-28,4.4,3.64,327.46,6976.43994140625
